{
  "midprice_return": 0.1114622950553894,
  "spread": 0.13741591572761536,
  "book_imbalance": 0.2889399230480194,
  "rolling_volatility": 0.3977247476577759,
  "volume_change": 0.06445711851119995
}